name,prediction
lig_1,5.551175
lig_2,5.6633615
lig_3,5.4872313
lig_4,5.1933775
lig_5,5.5411654
